"Id","OwnerId","IsDeleted","Name","CreatedDate","CreatedById","LastModifiedDate","LastModifiedById","SystemModstamp","LastActivityDate","LastViewedDate","LastReferencedDate","nFORCE__Disable_Print__c","nFORCE__Show_Link_To_Context_Object__c","nFORCE__lookupKey__c","nFORCE__Disable_Read_Only_View__c","AutorabitExtId__c"
"a2GDR0000018DLO2A2","0058c00000BxeO9AAJ","false","Details- business EO","2024-08-26T16:49:17.000Z","0058c00000BxeO9AAJ","2025-10-01T18:31:43.000Z","0058c00000BxeO9AAJ","2025-10-01T18:31:43.000Z","","","","false","true","42754538931621755","false",""
"a2GDR0000018DLP2A2","0058c00000BxeO9AAJ","false","Details - EO","2024-08-26T16:49:17.000Z","0058c00000BxeO9AAJ","2025-10-01T18:31:43.000Z","0058c00000BxeO9AAJ","2025-10-01T18:31:43.000Z","","","","false","true","42083286394967946","false",""
"a2GDR0000018DLQ2A2","0058c00000BxeO9AAJ","false","Dummy Screen- Enterprise Onboarding conditional rendering","2024-08-26T16:49:17.000Z","0058c00000BxeO9AAJ","2025-10-01T18:31:43.000Z","0058c00000BxeO9AAJ","2025-10-01T18:31:43.000Z","","2025-09-26T10:34:26.000Z","2025-09-26T10:34:26.000Z","false","true","42749540180904717","false",""
"a2GDR0000018DM32AM","0058c00000BxeO9AAJ","false","Account Debt","2024-08-26T16:52:47.000Z","0058c00000BxeO9AAJ","2025-10-01T18:31:43.000Z","0058c00000BxeO9AAJ","2025-10-01T18:31:43.000Z","","","","false","true","a2G8c000002Qm5VEAS","false",""
"a2GDR0000018DM72AM","0058c00000BxeO9AAJ","false","Borrowing Structure Information","2024-08-26T17:13:06.000Z","0058c00000BxeO9AAJ","2025-10-01T18:31:43.000Z","0058c00000BxeO9AAJ","2025-10-01T18:31:43.000Z","","","","false","true","02551560278745076","false",""
"a2GDR0000018Dou2AE","0058c00000BxeO9AAJ","false","Available Screen Sections","2024-08-26T17:20:57.000Z","0058c00000BxeO9AAJ","2025-10-01T18:31:45.000Z","0058c00000BxeO9AAJ","2025-10-01T18:31:45.000Z","","","","false","true","42518046726897075","false",""
"a2GDR0000018Dov2AE","0058c00000BxeO9AAJ","false","Loan Details","2024-08-26T17:20:57.000Z","0058c00000BxeO9AAJ","2025-10-01T18:31:45.000Z","0058c00000BxeO9AAJ","2025-10-01T18:31:45.000Z","","","","false","true","86451585604340855","false",""
"a2GDR0000018Dra2AE","0058c00000BxeO9AAJ","false","Enhanced Fees Management","2024-08-26T17:20:58.000Z","0058c00000BxeO9AAJ","2025-10-01T18:31:46.000Z","0058c00000BxeO9AAJ","2025-10-01T18:31:46.000Z","","","","false","true","42519280233404703","false",""
"a2GDR0000018Drb2AE","0058c00000BxeO9AAJ","false","System Properties","2024-08-26T17:20:58.000Z","0058c00000BxeO9AAJ","2025-10-01T18:31:46.000Z","0058c00000BxeO9AAJ","2025-10-01T18:31:46.000Z","","","","false","true","42283576814580241","false",""
"a2GDR0000018Drc2AE","0058c00000BxeO9AAJ","false","Editable Fields","2024-08-26T17:20:58.000Z","0058c00000BxeO9AAJ","2025-10-01T18:31:46.000Z","0058c00000BxeO9AAJ","2025-10-01T18:31:46.000Z","","","","false","true","30481620937671566","false",""
"a2GDR0000018Ds02AE","0058c00000BxeO9AAJ","false","Counterparty Report Topbar","2024-08-26T17:20:59.000Z","0058c00000BxeO9AAJ","2025-10-01T18:31:46.000Z","0058c00000BxeO9AAJ","2025-10-01T18:31:46.000Z","","","","false","true","42851832252859441","false",""
"a2GDR0000018Ds12AE","0058c00000BxeO9AAJ","false","Treasury Service Maintenance","2024-08-26T17:20:59.000Z","0058c00000BxeO9AAJ","2025-10-01T18:31:46.000Z","0058c00000BxeO9AAJ","2025-10-01T18:31:46.000Z","","","","false","true","42992811933823016","false",""
"a2GDR0000018Ds22AE","0058c00000BxeO9AAJ","false","Available Screen Sections","2024-08-26T17:20:59.000Z","0058c00000BxeO9AAJ","2025-10-01T18:31:46.000Z","0058c00000BxeO9AAJ","2025-10-01T18:31:46.000Z","","","","false","true","42026428621205577","false",""
"a2GDR0000018Ds32AE","0058c00000BxeO9AAJ","false","Available Screen Sections","2024-08-26T17:20:59.000Z","0058c00000BxeO9AAJ","2025-10-01T18:31:46.000Z","0058c00000BxeO9AAJ","2025-10-01T18:31:46.000Z","","","","false","true","42668947043259055","false",""
"a2GDR0000018Ds42AE","0058c00000BxeO9AAJ","false","nCino UI Configuration Builder","2024-08-26T17:20:59.000Z","0058c00000BxeO9AAJ","2025-10-01T18:31:46.000Z","0058c00000BxeO9AAJ","2025-10-01T18:31:46.000Z","","","","false","true","42311862257375707","false",""
"a2GDR0000018Ds52AE","0058c00000BxeO9AAJ","false","All Loan Facilities","2024-08-26T17:20:59.000Z","0058c00000BxeO9AAJ","2025-10-01T18:31:46.000Z","0058c00000BxeO9AAJ","2025-10-01T18:31:46.000Z","","","","false","true","dmwui-42861164296","false",""
"a2GDR0000018Ds62AE","0058c00000BxeO9AAJ","false","Bulk Edit","2024-08-26T17:20:59.000Z","0058c00000BxeO9AAJ","2025-10-01T18:31:46.000Z","0058c00000BxeO9AAJ","2025-10-01T18:31:46.000Z","","","","false","true","dmwui-42833518380","false",""
"a2GDR0000018Ds72AE","0058c00000BxeO9AAJ","false","Row Edit","2024-08-26T17:20:59.000Z","0058c00000BxeO9AAJ","2025-10-01T18:31:46.000Z","0058c00000BxeO9AAJ","2025-10-01T18:31:46.000Z","","","","false","true","dmwui-42307143918","false",""
"a2GDR0000018Ds82AE","0058c00000BxeO9AAJ","false","All Treasury Services","2024-08-26T17:20:59.000Z","0058c00000BxeO9AAJ","2025-10-01T18:31:46.000Z","0058c00000BxeO9AAJ","2025-10-01T18:31:46.000Z","","","","false","true","dmwui-42393982789","false",""
"a2GDR0000018Ds92AE","0058c00000BxeO9AAJ","false","Bulk Edit","2024-08-26T17:20:59.000Z","0058c00000BxeO9AAJ","2025-10-01T18:31:46.000Z","0058c00000BxeO9AAJ","2025-10-01T18:31:46.000Z","","","","false","true","dmwui-42975216429","false",""
"a2GDR0000018DsA2AU","0058c00000BxeO9AAJ","false","Row Edit","2024-08-26T17:20:59.000Z","0058c00000BxeO9AAJ","2025-10-01T18:31:46.000Z","0058c00000BxeO9AAJ","2025-10-01T18:31:46.000Z","","","","false","true","dmwui-42142100344","false",""
"a2GDR0000018DsB2AU","0058c00000BxeO9AAJ","false","Collateral Summary","2024-08-26T17:20:59.000Z","0058c00000BxeO9AAJ","2025-10-01T18:31:46.000Z","0058c00000BxeO9AAJ","2025-10-01T18:31:46.000Z","","","","false","true","a2G8c000002Qm2oEAC","false",""
"a2GDR0000018DsC2AU","0058c00000BxeO9AAJ","false","Collateral Details","2024-08-26T17:20:59.000Z","0058c00000BxeO9AAJ","2025-10-01T18:31:46.000Z","0058c00000BxeO9AAJ","2025-10-01T18:31:46.000Z","","","","false","true","a2G8c000002Qm2pEAC","false",""
"a2GDR0000018DsD2AU","0058c00000BxeO9AAJ","false","Certifications","2024-08-26T17:20:59.000Z","0058c00000BxeO9AAJ","2025-10-01T18:31:46.000Z","0058c00000BxeO9AAJ","2025-10-01T18:31:46.000Z","","","","false","true","a2G8c000002Qm8WEAS","false",""
"a2GDR0000018DsE2AU","0058c00000BxeO9AAJ","false","Total Exposure Screen","2024-08-26T17:20:59.000Z","0058c00000BxeO9AAJ","2025-10-01T18:31:46.000Z","0058c00000BxeO9AAJ","2025-10-01T18:31:46.000Z","","","","false","true","42278923698642823","false",""
"a2GDR0000018DsF2AU","0058c00000BxeO9AAJ","false","Participation","2024-08-26T17:20:59.000Z","0058c00000BxeO9AAJ","2025-10-01T18:31:46.000Z","0058c00000BxeO9AAJ","2025-10-01T18:31:46.000Z","","","","false","true","42255938324133066","false",""
"a2GDR0000018DsG2AU","0058c00000BxeO9AAJ","false","Syndications Summary","2024-08-26T17:20:59.000Z","0058c00000BxeO9AAJ","2025-10-01T18:31:46.000Z","0058c00000BxeO9AAJ","2025-10-01T18:31:46.000Z","","","","false","true","42254700713997327","false",""
"a2GDR0000018DsH2AU","0058c00000BxeO9AAJ","false","Counterparty Report","2024-08-26T17:20:59.000Z","0058c00000BxeO9AAJ","2025-10-01T18:31:46.000Z","0058c00000BxeO9AAJ","2025-10-01T18:31:46.000Z","","","","false","true","42582982089307696","false",""
"a2GDR0000018DsI2AU","0058c00000BxeO9AAJ","false","Total Exposure","2024-08-26T17:20:59.000Z","0058c00000BxeO9AAJ","2025-10-01T18:31:46.000Z","0058c00000BxeO9AAJ","2025-10-01T18:31:46.000Z","","","","false","true","42159428573333161","false",""
"a2GDR0000018DsJ2AU","0058c00000BxeO9AAJ","false","Loan Details","2024-08-26T17:20:59.000Z","0058c00000BxeO9AAJ","2025-10-01T18:31:46.000Z","0058c00000BxeO9AAJ","2025-10-01T18:31:46.000Z","","","","false","true","42477760115293706","false",""
"a2GDR0000018DsK2AU","0058c00000BxeO9AAJ","false","Pricing","2024-08-26T17:20:59.000Z","0058c00000BxeO9AAJ","2025-10-01T18:31:46.000Z","0058c00000BxeO9AAJ","2025-10-01T18:31:46.000Z","","","","false","true","42603748046132357","false",""
"a2GDR0000018DsL2AU","0058c00000BxeO9AAJ","false","Rate Structure","2024-08-26T17:20:59.000Z","0058c00000BxeO9AAJ","2025-10-01T18:31:46.000Z","0058c00000BxeO9AAJ","2025-10-01T18:31:46.000Z","","","","false","true","42306104470834702","false",""
"a2GDR0000018DsM2AU","0058c00000BxeO9AAJ","false","Payment Structure","2024-08-26T17:20:59.000Z","0058c00000BxeO9AAJ","2025-10-01T18:31:46.000Z","0058c00000BxeO9AAJ","2025-10-01T18:31:46.000Z","","","","false","true","42845770103705580","false",""
"a2GDR0000018DsN2AU","0058c00000BxeO9AAJ","false","Referral","2024-08-26T17:20:59.000Z","0058c00000BxeO9AAJ","2025-10-01T18:31:46.000Z","0058c00000BxeO9AAJ","2025-10-01T18:31:46.000Z","","","","false","true","42410404119994869","false",""
"a2GDR0000018DsO2AU","0058c00000BxeO9AAJ","false","Balance Details","2024-08-26T17:20:59.000Z","0058c00000BxeO9AAJ","2025-10-01T18:31:46.000Z","0058c00000BxeO9AAJ","2025-10-01T18:31:46.000Z","","","","false","true","42506447999100246","false",""
"a2GDR0000018DsP2AU","0058c00000BxeO9AAJ","false","Booked Details","2024-08-26T17:20:59.000Z","0058c00000BxeO9AAJ","2025-10-01T18:31:46.000Z","0058c00000BxeO9AAJ","2025-10-01T18:31:46.000Z","","","","false","true","42226870141912786","false",""
"a2GDR0000018DsQ2AU","0058c00000BxeO9AAJ","false","Borrowing Structure Information","2024-08-26T17:20:59.000Z","0058c00000BxeO9AAJ","2025-10-01T18:31:46.000Z","0058c00000BxeO9AAJ","2025-10-01T18:31:46.000Z","","","","false","true","42342881603800273","false",""
"a2GDR0000018DsR2AU","0058c00000BxeO9AAJ","false","CRA Screen","2024-08-26T17:20:59.000Z","0058c00000BxeO9AAJ","2025-10-01T18:31:46.000Z","0058c00000BxeO9AAJ","2025-10-01T18:31:46.000Z","","","","false","true","42768158053098535","false",""
"a2GDR0000018DsS2AU","0058c00000BxeO9AAJ","false","HMDA Screen 1","2024-08-26T17:20:59.000Z","0058c00000BxeO9AAJ","2025-10-01T18:31:46.000Z","0058c00000BxeO9AAJ","2025-10-01T18:31:46.000Z","","","","false","true","42870475258935934","false",""
"a2GDR0000018DsT2AU","0058c00000BxeO9AAJ","false","Entity Compliance Screen","2024-08-26T17:20:59.000Z","0058c00000BxeO9AAJ","2025-10-01T18:31:46.000Z","0058c00000BxeO9AAJ","2025-10-01T18:31:46.000Z","","","","false","true","42346461972245017","false",""
"a2GDR0000018DsU2AU","0058c00000BxeO9AAJ","false","Loan Compliance Screen","2024-08-26T17:20:59.000Z","0058c00000BxeO9AAJ","2025-10-01T18:31:46.000Z","0058c00000BxeO9AAJ","2025-10-01T18:31:46.000Z","","","","false","true","42366262690465820","false",""
"a2GDR0000018DsV2AU","0058c00000BxeO9AAJ","false","Entity Compliance Screen","2024-08-26T17:20:59.000Z","0058c00000BxeO9AAJ","2025-10-01T18:31:46.000Z","0058c00000BxeO9AAJ","2025-10-01T18:31:46.000Z","","","","false","true","42359232390869881","false",""
"a2GDR0000018DsW2AU","0058c00000BxeO9AAJ","false","Loan Compliance Screen","2024-08-26T17:20:59.000Z","0058c00000BxeO9AAJ","2025-10-01T18:31:46.000Z","0058c00000BxeO9AAJ","2025-10-01T18:31:46.000Z","","","","false","true","42832806785932622","false",""
"a2GDR0000018DsX2AU","0058c00000BxeO9AAJ","false","Change Memo","2024-08-26T17:20:59.000Z","0058c00000BxeO9AAJ","2025-10-01T18:31:46.000Z","0058c00000BxeO9AAJ","2025-10-01T18:31:46.000Z","","","","false","true","42432836327202375","false",""
"a2GDR0000018DsZ2AU","0058c00000BxeO9AAJ","false","Team Members","2024-08-26T17:20:59.000Z","0058c00000BxeO9AAJ","2025-10-01T18:31:46.000Z","0058c00000BxeO9AAJ","2025-10-01T18:31:46.000Z","","","","false","true","42296036791553577","false",""
"a2GDR0000018Dsa2AE","0058c00000BxeO9AAJ","false","Manage Bill Points","2024-08-26T17:20:59.000Z","0058c00000BxeO9AAJ","2025-10-01T18:31:46.000Z","0058c00000BxeO9AAJ","2025-10-01T18:31:46.000Z","","","","false","true","42238686668345765","false",""
"a2GDR0000018Dsb2AE","0058c00000BxeO9AAJ","false","Loan Compliance Screen","2024-08-26T17:20:59.000Z","0058c00000BxeO9AAJ","2025-10-01T18:31:46.000Z","0058c00000BxeO9AAJ","2025-10-01T18:31:46.000Z","","","","false","true","42154138192718696","false",""
"a2GDR0000018Dsc2AE","0058c00000BxeO9AAJ","false","Product Package Collateral2","2024-08-26T17:20:59.000Z","0058c00000BxeO9AAJ","2025-10-01T18:31:46.000Z","0058c00000BxeO9AAJ","2025-10-01T18:31:46.000Z","","","","false","true","42456617561636458","false",""
"a2GDR0000018Dsd2AE","0058c00000BxeO9AAJ","false","pp-tn-review-detail","2024-08-26T17:20:59.000Z","0058c00000BxeO9AAJ","2025-10-01T18:31:46.000Z","0058c00000BxeO9AAJ","2025-10-01T18:31:46.000Z","","","","false","true","42265516270396018","false",""
"a2GDR0000018Dse2AE","0058c00000BxeO9AAJ","false","Proforma Options","2024-08-26T17:20:59.000Z","0058c00000BxeO9AAJ","2025-10-01T18:31:46.000Z","0058c00000BxeO9AAJ","2025-10-01T18:31:46.000Z","","","","false","true","42127455761752627","false",""
"a2GDR0000018Dsf2AE","0058c00000BxeO9AAJ","false","Application Details","2024-08-26T17:20:59.000Z","0058c00000BxeO9AAJ","2025-10-01T18:31:46.000Z","0058c00000BxeO9AAJ","2025-10-01T18:31:46.000Z","","","","false","true","42659629105416955","false",""
"a2GDR0000018Dsg2AE","0058c00000BxeO9AAJ","false","Underwriting Details","2024-08-26T17:20:59.000Z","0058c00000BxeO9AAJ","2025-10-01T18:31:46.000Z","0058c00000BxeO9AAJ","2025-10-01T18:31:46.000Z","","","","false","true","42520577919445796","false",""
"a2GDR0000018Dsh2AE","0058c00000BxeO9AAJ","false","Collateral2","2024-08-26T17:20:59.000Z","0058c00000BxeO9AAJ","2025-10-01T18:31:46.000Z","0058c00000BxeO9AAJ","2025-10-01T18:31:46.000Z","","","","false","true","42716660961482717","false",""
"a2GDR0000018Dsi2AE","0058c00000BxeO9AAJ","false","Underwriting Details","2024-08-26T17:20:59.000Z","0058c00000BxeO9AAJ","2025-10-01T18:31:46.000Z","0058c00000BxeO9AAJ","2025-10-01T18:31:46.000Z","","","","false","true","42983688617809083","false",""
"a2GDR0000018Dsj2AE","0058c00000BxeO9AAJ","false","Application Details","2024-08-26T17:20:59.000Z","0058c00000BxeO9AAJ","2025-10-01T18:31:46.000Z","0058c00000BxeO9AAJ","2025-10-01T18:31:46.000Z","","","","false","true","42393241259581911","false",""
"a2GDR0000018Dsk2AE","0058c00000BxeO9AAJ","false","Underwriting Details","2024-08-26T17:20:59.000Z","0058c00000BxeO9AAJ","2025-10-01T18:31:46.000Z","0058c00000BxeO9AAJ","2025-10-01T18:31:46.000Z","","","","false","true","42866893089137191","false",""
"a2GDR0000018Dsl2AE","0058c00000BxeO9AAJ","false","Application Details","2024-08-26T17:20:59.000Z","0058c00000BxeO9AAJ","2025-10-01T18:31:46.000Z","0058c00000BxeO9AAJ","2025-10-01T18:31:46.000Z","","","","false","true","42607933161237870","false",""
"a2GDR0000018Dsm2AE","0058c00000BxeO9AAJ","false","Underwriting Details","2024-08-26T17:20:59.000Z","0058c00000BxeO9AAJ","2025-10-01T18:31:46.000Z","0058c00000BxeO9AAJ","2025-10-01T18:31:46.000Z","","","","false","true","42755114587290036","false",""
"a2GDR0000018Dsn2AE","0058c00000BxeO9AAJ","false","Application Details","2024-08-26T17:20:59.000Z","0058c00000BxeO9AAJ","2025-10-01T18:31:46.000Z","0058c00000BxeO9AAJ","2025-10-01T18:31:46.000Z","","","","false","true","42286887929986442","false",""
"a2GDR0000018Dso2AE","0058c00000BxeO9AAJ","false","Underwriting Details","2024-08-26T17:20:59.000Z","0058c00000BxeO9AAJ","2025-10-01T18:31:46.000Z","0058c00000BxeO9AAJ","2025-10-01T18:31:46.000Z","","","","false","true","42204392997691879","false",""
"a2GDR0000018Dsp2AE","0058c00000BxeO9AAJ","false","Third Party Management","2024-08-26T17:20:59.000Z","0058c00000BxeO9AAJ","2025-10-01T18:31:46.000Z","0058c00000BxeO9AAJ","2025-10-01T18:31:46.000Z","","","","false","true","42411851997942573","false",""
"a2GDR0000018Dsq2AE","0058c00000BxeO9AAJ","false","Loan Details-Retail","2024-08-26T17:20:59.000Z","0058c00000BxeO9AAJ","2025-10-01T18:31:46.000Z","0058c00000BxeO9AAJ","2025-10-01T18:31:46.000Z","","","","false","true","623454651543256","false",""
"a2GDR0000018Dsr2AE","0058c00000BxeO9AAJ","false","Underwriting Details","2024-08-26T17:20:59.000Z","0058c00000BxeO9AAJ","2025-10-01T18:31:46.000Z","0058c00000BxeO9AAJ","2025-10-01T18:31:46.000Z","","","","false","true","42281206255813701","false",""
"a2GDR0000018Dss2AE","0058c00000BxeO9AAJ","false","Application Details","2024-08-26T17:20:59.000Z","0058c00000BxeO9AAJ","2025-10-01T18:31:46.000Z","0058c00000BxeO9AAJ","2025-10-01T18:31:46.000Z","","","","false","true","42416387574958178","false",""
"a2GDR0000018Dst2AE","0058c00000BxeO9AAJ","false","Application Details","2024-08-26T17:20:59.000Z","0058c00000BxeO9AAJ","2025-10-01T18:31:46.000Z","0058c00000BxeO9AAJ","2025-10-01T18:31:46.000Z","","","","false","true","42614756889733027","false",""
"a2GDR0000018Dsu2AE","0058c00000BxeO9AAJ","false","Underwriting Details","2024-08-26T17:20:59.000Z","0058c00000BxeO9AAJ","2025-10-01T18:31:46.000Z","0058c00000BxeO9AAJ","2025-10-01T18:31:46.000Z","","","","false","true","42306617109093353","false",""
"a2GDR0000018Dsv2AE","0058c00000BxeO9AAJ","false","Change Memo","2024-08-26T17:20:59.000Z","0058c00000BxeO9AAJ","2025-10-01T18:31:46.000Z","0058c00000BxeO9AAJ","2025-10-01T18:31:46.000Z","","","","false","true","60941560278867078","false",""
"a2GDR0000018Dsw2AE","0058c00000BxeO9AAJ","false","Fees Summary","2024-08-26T17:20:59.000Z","0058c00000BxeO9AAJ","2025-10-01T18:31:46.000Z","0058c00000BxeO9AAJ","2025-10-01T18:31:46.000Z","","","","false","true","46241560278867078","false",""
"a2GDR0000018Dsx2AE","0058c00000BxeO9AAJ","false","Loan Details-Retail","2024-08-26T17:20:59.000Z","0058c00000BxeO9AAJ","2025-10-01T18:31:46.000Z","0058c00000BxeO9AAJ","2025-10-01T18:31:46.000Z","","","","false","true","71341560278867078","false",""
"a2GDR0000018Dsy2AE","0058c00000BxeO9AAJ","false","Borrowing Structure Information","2024-08-26T17:20:59.000Z","0058c00000BxeO9AAJ","2025-10-01T18:31:46.000Z","0058c00000BxeO9AAJ","2025-10-01T18:31:46.000Z","","","","false","true","52691560278867079","false",""
"a2GDR0000018Dsz2AE","0058c00000BxeO9AAJ","false","Collateral2","2024-08-26T17:20:59.000Z","0058c00000BxeO9AAJ","2025-10-01T18:31:46.000Z","0058c00000BxeO9AAJ","2025-10-01T18:31:46.000Z","","","","false","true","32281560278867079","false",""
"a2GDR0000018Dt02AE","0058c00000BxeO9AAJ","false","Underwriting Details","2024-08-26T17:20:59.000Z","0058c00000BxeO9AAJ","2025-10-01T18:31:46.000Z","0058c00000BxeO9AAJ","2025-10-01T18:31:46.000Z","","","","false","true","03471560278867077","false",""
"a2GDR0000018Dt12AE","0058c00000BxeO9AAJ","false","Fees","2024-08-26T17:20:59.000Z","0058c00000BxeO9AAJ","2025-10-01T18:31:46.000Z","0058c00000BxeO9AAJ","2025-10-01T18:31:46.000Z","","","","false","true","86811560278867079","false",""
"a2GDR0000018Dt22AE","0058c00000BxeO9AAJ","false","Application Details-Retail","2024-08-26T17:20:59.000Z","0058c00000BxeO9AAJ","2025-10-01T18:31:46.000Z","0058c00000BxeO9AAJ","2025-10-01T18:31:46.000Z","","","","false","true","6325647853262563245","false",""
"a2GDR0000018Dt32AE","0058c00000BxeO9AAJ","false","Total Exposure Screen","2024-08-26T17:20:59.000Z","0058c00000BxeO9AAJ","2025-10-01T18:31:46.000Z","0058c00000BxeO9AAJ","2025-10-01T18:31:46.000Z","","","","false","true","20091562008947218","false",""
"a2GDR0000018Dt42AE","0058c00000BxeO9AAJ","false","Loan Products","2024-08-26T17:20:59.000Z","0058c00000BxeO9AAJ","2025-10-01T18:31:46.000Z","0058c00000BxeO9AAJ","2025-10-01T18:31:46.000Z","","","","false","true","48781562008947219","false",""
"a2GDR0000018Dt52AE","0058c00000BxeO9AAJ","false","Deposit Products","2024-08-26T17:20:59.000Z","0058c00000BxeO9AAJ","2025-10-01T18:31:46.000Z","0058c00000BxeO9AAJ","2025-10-01T18:31:46.000Z","","","","false","true","86701562008947219","false",""
"a2GDR0000018Dt62AE","0058c00000BxeO9AAJ","false","Secured SBL Eligibility","2024-08-26T17:20:59.000Z","0058c00000BxeO9AAJ","2025-10-01T18:31:46.000Z","0058c00000BxeO9AAJ","2025-10-01T18:31:46.000Z","","","","false","true","42415980332756543","false",""
"a2GDR0000018Dt72AE","0058c00000BxeO9AAJ","false","Secured SBL Business Info","2024-08-26T17:20:59.000Z","0058c00000BxeO9AAJ","2025-10-01T18:31:46.000Z","0058c00000BxeO9AAJ","2025-10-01T18:31:46.000Z","","","","false","true","42509691136301749","false",""
"a2GDR0000018Dt82AE","0058c00000BxeO9AAJ","false","SBL Personal","2024-08-26T17:20:59.000Z","0058c00000BxeO9AAJ","2025-10-01T18:31:46.000Z","0058c00000BxeO9AAJ","2025-10-01T18:31:46.000Z","","","","false","true","42692911532156791","false",""
"a2GDR0000018Dt92AE","0058c00000BxeO9AAJ","false","Secured SBL Personal (Individual Other Involved)","2024-08-26T17:20:59.000Z","0058c00000BxeO9AAJ","2025-10-01T18:31:46.000Z","0058c00000BxeO9AAJ","2025-10-01T18:31:46.000Z","","","","false","true","42113928704115288","false",""
"a2GDR0000018DtA2AU","0058c00000BxeO9AAJ","false","SBL Eligibility","2024-08-26T17:20:59.000Z","0058c00000BxeO9AAJ","2025-10-01T18:31:46.000Z","0058c00000BxeO9AAJ","2025-10-01T18:31:46.000Z","","","","false","true","42636216486699414","false",""
"a2GDR0000018DtB2AU","0058c00000BxeO9AAJ","false","SBL Business Info","2024-08-26T17:20:59.000Z","0058c00000BxeO9AAJ","2025-10-01T18:31:46.000Z","0058c00000BxeO9AAJ","2025-10-01T18:31:46.000Z","","","","false","true","42981961269080453","false",""
"a2GDR0000018DtC2AU","0058c00000BxeO9AAJ","false","SBL Personal (Individual Other Involved)","2024-08-26T17:20:59.000Z","0058c00000BxeO9AAJ","2025-10-01T18:31:46.000Z","0058c00000BxeO9AAJ","2025-10-01T18:31:46.000Z","","","","false","true","42395526772715632","false",""
"a2GDR0000018DtD2AU","0058c00000BxeO9AAJ","false","Pricing Required Fields","2024-08-26T17:20:59.000Z","0058c00000BxeO9AAJ","2025-10-01T18:31:46.000Z","0058c00000BxeO9AAJ","2025-10-01T18:31:46.000Z","","","","false","true","pricingrequiredfields","false",""
"a2GDR0000018DtE2AU","0058c00000BxeO9AAJ","false","Product Package Collateral2","2024-08-26T17:20:59.000Z","0058c00000BxeO9AAJ","2025-10-01T18:31:46.000Z","0058c00000BxeO9AAJ","2025-10-01T18:31:46.000Z","","","","false","true","75041563816286566","false",""
"a2GDR0000018DtF2AU","0058c00000BxeO9AAJ","false","Available One to Many Screen Sections","2024-08-26T17:20:59.000Z","0058c00000BxeO9AAJ","2025-10-01T18:31:46.000Z","0058c00000BxeO9AAJ","2025-10-01T18:31:46.000Z","","","","false","true","429446046658847391","false",""
"a2GDR0000018DtG2AU","0058c00000BxeO9AAJ","false","Product Summary","2024-08-26T17:20:59.000Z","0058c00000BxeO9AAJ","2025-10-01T18:31:46.000Z","0058c00000BxeO9AAJ","2025-10-01T18:31:46.000Z","","","","false","true","05641567002571747","false",""
"a2GDR0000018DtH2AU","0058c00000BxeO9AAJ","false","Treasury Service Details","2024-08-26T17:20:59.000Z","0058c00000BxeO9AAJ","2025-10-01T18:31:46.000Z","0058c00000BxeO9AAJ","2025-10-01T18:31:46.000Z","","","","false","true","62851567002571747","false",""
"a2GDR0000018DtL2AU","0058c00000BxeO9AAJ","false","Opportunities","2024-08-26T17:20:59.000Z","0058c00000BxeO9AAJ","2025-10-01T18:31:46.000Z","0058c00000BxeO9AAJ","2025-10-01T18:31:46.000Z","","","","false","true","42261575075847433","false",""
"a2GDR0000018DtM2AU","0058c00000BxeO9AAJ","false","Beneficial Ownership Summary","2024-08-26T17:20:59.000Z","0058c00000BxeO9AAJ","2025-10-01T18:31:46.000Z","0058c00000BxeO9AAJ","2025-10-01T18:31:46.000Z","","","","false","true","42834021314193185","false",""
"a2GDR0000018DtN2AU","0058c00000BxeO9AAJ","false","Submit for Approval","2024-08-26T17:20:59.000Z","0058c00000BxeO9AAJ","2025-10-01T18:31:46.000Z","0058c00000BxeO9AAJ","2025-10-01T18:31:46.000Z","","","","false","true","42136886661722680","false",""
"a2GDR0000018DtO2AU","0058c00000BxeO9AAJ","false","All Loans","2024-08-26T17:20:59.000Z","0058c00000BxeO9AAJ","2025-10-01T18:31:46.000Z","0058c00000BxeO9AAJ","2025-10-01T18:31:46.000Z","","","","false","true","rcaui-42706352307","false",""
"a2GDR0000018DtP2AU","0058c00000BxeO9AAJ","false","Credit Actionable Loans","2024-08-26T17:20:59.000Z","0058c00000BxeO9AAJ","2025-10-01T18:31:46.000Z","0058c00000BxeO9AAJ","2025-10-01T18:31:46.000Z","","","","false","true","rcaui-42425336604","false",""
"a2GDR0000018DtQ2AU","0058c00000BxeO9AAJ","false","Credit Actions","2024-08-26T17:20:59.000Z","0058c00000BxeO9AAJ","2025-10-01T18:31:46.000Z","0058c00000BxeO9AAJ","2025-10-01T18:31:46.000Z","","","","false","true","rcaui-42477727610","false",""
"a2GDR0000018DtR2AU","0058c00000BxeO9AAJ","false","Key Dates - Editable","2024-08-26T17:20:59.000Z","0058c00000BxeO9AAJ","2025-10-01T18:31:46.000Z","0058c00000BxeO9AAJ","2025-10-01T18:31:46.000Z","","","","false","true","59771585604340856","false",""
"a2GDR0000018DtS2AU","0058c00000BxeO9AAJ","false","Key Dates - Read Only","2024-08-26T17:20:59.000Z","0058c00000BxeO9AAJ","2025-10-01T18:31:46.000Z","0058c00000BxeO9AAJ","2025-10-01T18:31:46.000Z","","","","false","true","50971585604340856","false",""
"a2GDR0000018DtT2AU","0058c00000BxeO9AAJ","false","Loan Products","2024-08-26T17:20:59.000Z","0058c00000BxeO9AAJ","2025-10-01T18:31:46.000Z","0058c00000BxeO9AAJ","2025-10-01T18:31:46.000Z","","","","false","true","42264506634750293","false",""
"a2GDR0000018DtU2AU","0058c00000BxeO9AAJ","false","Rate Structure","2024-08-26T17:20:59.000Z","0058c00000BxeO9AAJ","2025-10-01T18:31:46.000Z","0058c00000BxeO9AAJ","2025-10-01T18:31:46.000Z","","","","false","true","42558854118324394","false",""
"a2GDR0000018DtV2AU","0058c00000BxeO9AAJ","false","Payment Structure","2024-08-26T17:20:59.000Z","0058c00000BxeO9AAJ","2025-10-01T18:31:46.000Z","0058c00000BxeO9AAJ","2025-10-01T18:31:46.000Z","","","","false","true","42448651673900408","false",""
"a2GDR0000018DtW2AU","0058c00000BxeO9AAJ","false","Risk Rating","2024-08-26T17:20:59.000Z","0058c00000BxeO9AAJ","2025-10-01T18:31:46.000Z","0058c00000BxeO9AAJ","2025-10-01T18:31:46.000Z","","","","false","true","42672158236792769","false",""
"a2GDR0000018DtX2AU","0058c00000BxeO9AAJ","false","Change Memo","2024-08-26T17:20:59.000Z","0058c00000BxeO9AAJ","2025-10-01T18:31:46.000Z","0058c00000BxeO9AAJ","2025-10-01T18:31:46.000Z","","","","false","true","42768254162527564","false",""
"a2GDR0000018DtY2AU","0058c00000BxeO9AAJ","false","Fees Summary","2024-08-26T17:20:59.000Z","0058c00000BxeO9AAJ","2025-10-01T18:31:46.000Z","0058c00000BxeO9AAJ","2025-10-01T18:31:46.000Z","","","","false","true","42839732363377241","false",""
"a2GDR0000018DtZ2AU","0058c00000BxeO9AAJ","false","Team Members","2024-08-26T17:20:59.000Z","0058c00000BxeO9AAJ","2025-10-01T18:31:46.000Z","0058c00000BxeO9AAJ","2025-10-01T18:31:46.000Z","","","","false","true","42099974757861510","false",""
"a2GDR0000018Dta2AE","0058c00000BxeO9AAJ","false","Details","2024-08-26T17:20:59.000Z","0058c00000BxeO9AAJ","2025-10-01T18:31:46.000Z","0058c00000BxeO9AAJ","2025-10-01T18:31:46.000Z","","","","false","true","42101974202872765","false",""
"a2GDR0000018Dtb2AE","0058c00000BxeO9AAJ","false","Details","2024-08-26T17:20:59.000Z","0058c00000BxeO9AAJ","2025-10-01T18:31:46.000Z","0058c00000BxeO9AAJ","2025-10-01T18:31:46.000Z","","","","false","true","42206232254498796","false",""
"a2GDR0000018Dtc2AE","0058c00000BxeO9AAJ","false","Beneficiary","2024-08-26T17:20:59.000Z","0058c00000BxeO9AAJ","2025-10-01T18:31:46.000Z","0058c00000BxeO9AAJ","2025-10-01T18:31:46.000Z","","","","false","true","42856498406131349","false",""
"a2GDR0000018Dtf2AE","0058c00000BxeO9AAJ","false","Collateral Pledged","2024-08-26T17:20:59.000Z","0058c00000BxeO9AAJ","2025-10-01T18:31:46.000Z","0058c00000BxeO9AAJ","2025-10-01T18:31:46.000Z","","","","false","true","52621585604340855","false",""
"a2GDR0000018Dtg2AE","0058c00000BxeO9AAJ","false","Collateral Value","2024-08-26T17:20:59.000Z","0058c00000BxeO9AAJ","2025-10-01T18:31:46.000Z","0058c00000BxeO9AAJ","2025-10-01T18:31:46.000Z","","","","false","true","40481585604340855","false",""
"a2GDR0000018Dtj2AE","0058c00000BxeO9AAJ","false","Fees Approved","2024-08-26T17:20:59.000Z","0058c00000BxeO9AAJ","2025-10-01T18:31:46.000Z","0058c00000BxeO9AAJ","2025-10-01T18:31:46.000Z","","","","false","true","82191585604340855","false",""
"a2GDR0000018Dtk2AE","0058c00000BxeO9AAJ","false","Key Dates","2024-08-26T17:20:59.000Z","0058c00000BxeO9AAJ","2025-10-01T18:31:46.000Z","0058c00000BxeO9AAJ","2025-10-01T18:31:46.000Z","","","","false","true","23001585604340855","false",""
"a2GDR0000018Dtl2AE","0058c00000BxeO9AAJ","false","Post Closing Review","2024-08-26T17:20:59.000Z","0058c00000BxeO9AAJ","2025-10-01T18:31:46.000Z","0058c00000BxeO9AAJ","2025-10-01T18:31:46.000Z","","","","false","true","61601585604340855","false",""
"a2GDR0000018Dtp2AE","0058c00000BxeO9AAJ","false","Third Party Reports","2024-08-26T17:20:59.000Z","0058c00000BxeO9AAJ","2025-10-01T18:31:46.000Z","0058c00000BxeO9AAJ","2025-10-01T18:31:46.000Z","","","","false","true","47581585604340855","false",""
"a2GDR0000018Dts2AE","0058c00000BxeO9AAJ","false","Approved Details","2024-08-26T17:20:59.000Z","0058c00000BxeO9AAJ","2025-10-01T18:31:46.000Z","0058c00000BxeO9AAJ","2025-10-01T18:31:46.000Z","","","","false","true","34361585604340855","false",""
"a2GDR0000018Dtw2AE","0058c00000BxeO9AAJ","false","Fees","2024-08-26T17:20:59.000Z","0058c00000BxeO9AAJ","2025-10-01T18:31:46.000Z","0058c00000BxeO9AAJ","2025-10-01T18:31:46.000Z","","","","false","true","a2G8c000002Qm4cEAC","false",""
"a2GDR0000018Dtx2AE","0058c00000BxeO9AAJ","false","Participations","2024-08-26T17:20:59.000Z","0058c00000BxeO9AAJ","2025-10-01T18:31:46.000Z","0058c00000BxeO9AAJ","2025-10-01T18:31:46.000Z","","","","false","true","a2G8c000002Qm8XEAS","false",""
"a2GDR0000018Dty2AE","0058c00000BxeO9AAJ","false","Loan Products","2024-08-26T17:20:59.000Z","0058c00000BxeO9AAJ","2025-10-01T18:31:46.000Z","0058c00000BxeO9AAJ","2025-10-01T18:31:46.000Z","","","","false","true","42567764686172869","false",""
"a2GDR0000018Dtz2AE","0058c00000BxeO9AAJ","false","Deposit Products","2024-08-26T17:20:59.000Z","0058c00000BxeO9AAJ","2025-10-01T18:31:46.000Z","0058c00000BxeO9AAJ","2025-10-01T18:31:46.000Z","","","","false","true","42464191242067167","false",""
"a2GDR0000018Du02AE","0058c00000BxeO9AAJ","false","Pricing Approved","2024-08-26T17:20:59.000Z","0058c00000BxeO9AAJ","2025-10-01T18:31:46.000Z","0058c00000BxeO9AAJ","2025-10-01T18:31:46.000Z","","","","false","true","42057912696598906","false",""
"a2GDR0000018Du12AE","0058c00000BxeO9AAJ","false","CRA Screen","2024-08-26T17:20:59.000Z","0058c00000BxeO9AAJ","2025-10-01T18:31:46.000Z","0058c00000BxeO9AAJ","2025-10-01T18:31:46.000Z","","","","false","true","42508794583138413","false",""
"a2GDR0000018Du32AE","0058c00000BxeO9AAJ","false","Adverse Actions","2024-08-26T17:20:59.000Z","0058c00000BxeO9AAJ","2025-10-01T18:31:46.000Z","0058c00000BxeO9AAJ","2025-10-01T18:31:46.000Z","","","","false","true","19891585604340855","false",""
"a2GDR0000018Du42AE","0058c00000BxeO9AAJ","false","Construction Details","2024-08-26T17:20:59.000Z","0058c00000BxeO9AAJ","2025-10-01T18:31:46.000Z","0058c00000BxeO9AAJ","2025-10-01T18:31:46.000Z","","","","false","true","a2G8c000002Qm4kEAC","false",""
"a2GDR0000018Du52AE","0058c00000BxeO9AAJ","false","Loan Dashboard","2024-08-26T17:20:59.000Z","0058c00000BxeO9AAJ","2025-10-01T18:31:46.000Z","0058c00000BxeO9AAJ","2025-10-01T18:31:46.000Z","","","","false","true","a2G8c000002Qm4lEAC","false",""
"a2GDR0000018Du62AE","0058c00000BxeO9AAJ","false","Fees","2024-08-26T17:20:59.000Z","0058c00000BxeO9AAJ","2025-10-01T18:31:46.000Z","0058c00000BxeO9AAJ","2025-10-01T18:31:46.000Z","","","","false","true","91971560278745076","false",""
"a2GDR0000018Du72AE","0058c00000BxeO9AAJ","false","Narrative","2024-08-26T17:20:59.000Z","0058c00000BxeO9AAJ","2025-10-01T18:31:46.000Z","0058c00000BxeO9AAJ","2025-10-01T18:31:46.000Z","","","","false","true","89361585604340856","false",""
"a2GDR0000018Du82AE","0058c00000BxeO9AAJ","false","Loan Team Member Information","2024-08-26T17:20:59.000Z","0058c00000BxeO9AAJ","2025-10-01T18:31:46.000Z","0058c00000BxeO9AAJ","2025-10-01T18:31:46.000Z","","","","false","true","28761585604340855","false",""
"a2GDR0000018Du92AE","0058c00000BxeO9AAJ","false","Memos","2024-08-26T17:20:59.000Z","0058c00000BxeO9AAJ","2025-10-01T18:31:46.000Z","0058c00000BxeO9AAJ","2025-10-01T18:31:46.000Z","","","","false","true","16221585604340856","false",""
"a2GDR0000018DuE2AU","0058c00000BxeO9AAJ","false","Participations","2024-08-26T17:20:59.000Z","0058c00000BxeO9AAJ","2025-10-01T18:31:46.000Z","0058c00000BxeO9AAJ","2025-10-01T18:31:46.000Z","","","","false","true","70051585604340856","false",""
"a2GDR0000018DuF2AU","0058c00000BxeO9AAJ","false","Activities","2024-08-26T17:20:59.000Z","0058c00000BxeO9AAJ","2025-10-01T18:31:46.000Z","0058c00000BxeO9AAJ","2025-10-01T18:31:46.000Z","","","","false","true","a2G8c000002Qm4vEAC","false",""
"a2GDR0000018DuG2AU","0058c00000BxeO9AAJ","false","Business Contacts","2024-08-26T17:20:59.000Z","0058c00000BxeO9AAJ","2025-10-01T18:31:46.000Z","0058c00000BxeO9AAJ","2025-10-01T18:31:46.000Z","","","","false","true","a2G8c000002Qm4wEAC","false",""
"a2GDR0000018DuH2AU","0058c00000BxeO9AAJ","false","Collateral Owned","2024-08-26T17:20:59.000Z","0058c00000BxeO9AAJ","2025-10-01T18:31:46.000Z","0058c00000BxeO9AAJ","2025-10-01T18:31:46.000Z","","","","false","true","a2G8c000002Qm4xEAC","false",""
"a2GDR0000018DuI2AU","0058c00000BxeO9AAJ","false","Covenants","2024-08-26T17:20:59.000Z","0058c00000BxeO9AAJ","2025-10-01T18:31:46.000Z","0058c00000BxeO9AAJ","2025-10-01T18:31:46.000Z","","","","false","true","a2G8c000002Qm4yEAC","false",""
"a2GDR0000018DuJ2AU","0058c00000BxeO9AAJ","false","Deposits","2024-08-26T17:20:59.000Z","0058c00000BxeO9AAJ","2025-10-01T18:31:46.000Z","0058c00000BxeO9AAJ","2025-10-01T18:31:46.000Z","","","","false","true","a2G8c000002Qm4zEAC","false",""
"a2GDR0000018DuK2AU","0058c00000BxeO9AAJ","false","Overview","2024-08-26T17:20:59.000Z","0058c00000BxeO9AAJ","2025-10-01T18:31:46.000Z","0058c00000BxeO9AAJ","2025-10-01T18:31:46.000Z","","","","false","true","a2G8c000002Qm50EAC","false",""
"a2GDR0000018DuL2AU","0058c00000BxeO9AAJ","false","Exposure","2024-08-26T17:20:59.000Z","0058c00000BxeO9AAJ","2025-10-01T18:31:46.000Z","0058c00000BxeO9AAJ","2025-10-01T18:31:46.000Z","","","","false","true","a2G8c000002Qm51EAC","false",""
"a2GDR0000018DuM2AU","0058c00000BxeO9AAJ","false","Loans","2024-08-26T17:20:59.000Z","0058c00000BxeO9AAJ","2025-10-01T18:31:46.000Z","0058c00000BxeO9AAJ","2025-10-01T18:31:46.000Z","","","","false","true","a2G8c000002Qm52EAC","false",""
"a2GDR0000018DuN2AU","0058c00000BxeO9AAJ","false","Opportunities","2024-08-26T17:20:59.000Z","0058c00000BxeO9AAJ","2025-10-01T18:31:46.000Z","0058c00000BxeO9AAJ","2025-10-01T18:31:46.000Z","","","","false","true","a2G8c000002Qm53EAC","false",""
"a2GDR0000018DuO2AU","0058c00000BxeO9AAJ","false","Other Information","2024-08-26T17:20:59.000Z","0058c00000BxeO9AAJ","2025-10-01T18:31:46.000Z","0058c00000BxeO9AAJ","2025-10-01T18:31:46.000Z","","","","false","true","a2G8c000002Qm54EAC","false",""
"a2GDR0000018DuP2AU","0058c00000BxeO9AAJ","false","Product Packages","2024-08-26T17:20:59.000Z","0058c00000BxeO9AAJ","2025-10-01T18:31:46.000Z","0058c00000BxeO9AAJ","2025-10-01T18:31:46.000Z","","","","false","true","a2G8c000002Qm55EAC","false",""
"a2GDR0000018DuQ2AU","0058c00000BxeO9AAJ","false","Referrals","2024-08-26T17:20:59.000Z","0058c00000BxeO9AAJ","2025-10-01T18:31:46.000Z","0058c00000BxeO9AAJ","2025-10-01T18:31:46.000Z","","","","false","true","a2G8c000002Qm56EAC","false",""
"a2GDR0000018DuR2AU","0058c00000BxeO9AAJ","false","Risk Rating Reviews","2024-08-26T17:20:59.000Z","0058c00000BxeO9AAJ","2025-10-01T18:31:46.000Z","0058c00000BxeO9AAJ","2025-10-01T18:31:46.000Z","","","","false","true","a2G8c000002Qm57EAC","false",""
"a2GDR0000018DuS2AU","0058c00000BxeO9AAJ","false","Service Requests","2024-08-26T17:20:59.000Z","0058c00000BxeO9AAJ","2025-10-01T18:31:46.000Z","0058c00000BxeO9AAJ","2025-10-01T18:31:46.000Z","","","","false","true","a2G8c000002Qm58EAC","false",""
"a2GDR0000018DuT2AU","0058c00000BxeO9AAJ","false","Site Visits","2024-08-26T17:20:59.000Z","0058c00000BxeO9AAJ","2025-10-01T18:31:46.000Z","0058c00000BxeO9AAJ","2025-10-01T18:31:46.000Z","","","","false","true","a2G8c000002Qm59EAC","false",""
"a2GDR0000018DuU2AU","0058c00000BxeO9AAJ","false","Treasury","2024-08-26T17:20:59.000Z","0058c00000BxeO9AAJ","2025-10-01T18:31:46.000Z","0058c00000BxeO9AAJ","2025-10-01T18:31:46.000Z","","","","false","true","a2G8c000002Qm5AEAS","false",""
"a2GDR0000018DuV2AU","0058c00000BxeO9AAJ","false","Risk Ratings","2024-08-26T17:20:59.000Z","0058c00000BxeO9AAJ","2025-10-01T18:31:46.000Z","0058c00000BxeO9AAJ","2025-10-01T18:31:46.000Z","","","","false","true","08891585604340856","false",""
"a2GDR0000018DuW2AU","0058c00000BxeO9AAJ","false","SBA Form 912","2024-08-26T17:20:59.000Z","0058c00000BxeO9AAJ","2025-10-01T18:31:46.000Z","0058c00000BxeO9AAJ","2025-10-01T18:31:46.000Z","","","","false","true","a2G8c000002Qm5CEAS","false",""
"a2GDR0000018DuX2AU","0058c00000BxeO9AAJ","false","Loan Application","2024-08-26T17:20:59.000Z","0058c00000BxeO9AAJ","2025-10-01T18:31:46.000Z","0058c00000BxeO9AAJ","2025-10-01T18:31:46.000Z","","","","false","true","a2G8c000002Qm5DEAS","false",""
"a2GDR0000018DuY2AU","0058c00000BxeO9AAJ","false","Change of Ownership","2024-08-26T17:20:59.000Z","0058c00000BxeO9AAJ","2025-10-01T18:31:46.000Z","0058c00000BxeO9AAJ","2025-10-01T18:31:46.000Z","","","","false","true","a2G8c000002Qm5EEAS","false",""
"a2GDR0000018DuZ2AU","0058c00000BxeO9AAJ","false","SBA Form 10","2024-08-26T17:20:59.000Z","0058c00000BxeO9AAJ","2025-10-01T18:31:46.000Z","0058c00000BxeO9AAJ","2025-10-01T18:31:46.000Z","","","","false","true","a2G8c000002Qm5FEAS","false",""
"a2GDR0000018Dua2AE","0058c00000BxeO9AAJ","false","SBA Form 159","2024-08-26T17:20:59.000Z","0058c00000BxeO9AAJ","2025-10-01T18:31:46.000Z","0058c00000BxeO9AAJ","2025-10-01T18:31:46.000Z","","","","false","true","a2G8c000002Qm5GEAS","false",""
"a2GDR0000018Dub2AE","0058c00000BxeO9AAJ","false","SBA Form 1846","2024-08-26T17:20:59.000Z","0058c00000BxeO9AAJ","2025-10-01T18:31:46.000Z","0058c00000BxeO9AAJ","2025-10-01T18:31:46.000Z","","","","false","true","a2G8c000002Qm5HEAS","false",""
"a2GDR0000018Duc2AE","0058c00000BxeO9AAJ","false","SBA Form 1919","2024-08-26T17:20:59.000Z","0058c00000BxeO9AAJ","2025-10-01T18:31:46.000Z","0058c00000BxeO9AAJ","2025-10-01T18:31:46.000Z","","","","false","true","a2G8c000002Qm5IEAS","false",""
"a2GDR0000018Dud2AE","0058c00000BxeO9AAJ","false","Business Type","2024-08-26T17:20:59.000Z","0058c00000BxeO9AAJ","2025-10-01T18:31:46.000Z","0058c00000BxeO9AAJ","2025-10-01T18:31:46.000Z","","","","false","true","a2G8c000002Qm5JEAS","false",""
"a2GDR0000018Due2AE","0058c00000BxeO9AAJ","false","Previous SBA Loan","2024-08-26T17:20:59.000Z","0058c00000BxeO9AAJ","2025-10-01T18:31:46.000Z","0058c00000BxeO9AAJ","2025-10-01T18:31:46.000Z","","","","false","true","a2G8c000002Qm5KEAS","false",""
"a2GDR0000018Duf2AE","0058c00000BxeO9AAJ","false","Conflict of Interest","2024-08-26T17:20:59.000Z","0058c00000BxeO9AAJ","2025-10-01T18:31:46.000Z","0058c00000BxeO9AAJ","2025-10-01T18:31:46.000Z","","","","false","true","a2G8c000002Qm5LEAS","false",""
"a2GDR0000018Dug2AE","0058c00000BxeO9AAJ","false","Primary Account","2024-08-26T17:20:59.000Z","0058c00000BxeO9AAJ","2025-10-01T18:31:46.000Z","0058c00000BxeO9AAJ","2025-10-01T18:31:46.000Z","","","","false","true","a2G8c000002Qm5MEAS","false",""
"a2GDR0000018Duh2AE","0058c00000BxeO9AAJ","false","SBA Form 1920","2024-08-26T17:20:59.000Z","0058c00000BxeO9AAJ","2025-10-01T18:31:46.000Z","0058c00000BxeO9AAJ","2025-10-01T18:31:46.000Z","","","","false","true","a2G8c000002Qm5NEAS","false",""
"a2GDR0000018Dui2AE","0058c00000BxeO9AAJ","false","SBA Form 1920","2024-08-26T17:20:59.000Z","0058c00000BxeO9AAJ","2025-10-01T18:31:46.000Z","0058c00000BxeO9AAJ","2025-10-01T18:31:46.000Z","","","","false","true","a2G8c000002Qm5OEAS","false",""
"a2GDR0000018Duj2AE","0058c00000BxeO9AAJ","false","SBA Form 1920","2024-08-26T17:20:59.000Z","0058c00000BxeO9AAJ","2025-10-01T18:31:46.000Z","0058c00000BxeO9AAJ","2025-10-01T18:31:46.000Z","","","","false","true","a2G8c000002Qm5PEAS","false",""
"a2GDR0000018Duk2AE","0058c00000BxeO9AAJ","false","SBA Form 1920","2024-08-26T17:20:59.000Z","0058c00000BxeO9AAJ","2025-10-01T18:31:46.000Z","0058c00000BxeO9AAJ","2025-10-01T18:31:46.000Z","","","","false","true","a2G8c000002Qm5QEAS","false",""
"a2GDR0000018Dul2AE","0058c00000BxeO9AAJ","false","SBA Form 1920","2024-08-26T17:20:59.000Z","0058c00000BxeO9AAJ","2025-10-01T18:31:46.000Z","0058c00000BxeO9AAJ","2025-10-01T18:31:46.000Z","","","","false","true","a2G8c000002Qm5REAS","false",""
"a2GDR0000018Dum2AE","0058c00000BxeO9AAJ","false","SBA Form 1920","2024-08-26T17:20:59.000Z","0058c00000BxeO9AAJ","2025-10-01T18:31:46.000Z","0058c00000BxeO9AAJ","2025-10-01T18:31:46.000Z","","","","false","true","a2G8c000002Qm5SEAS","false",""
"a2GDR0000018Dun2AE","0058c00000BxeO9AAJ","false","SBA Form 1920","2024-08-26T17:20:59.000Z","0058c00000BxeO9AAJ","2025-10-01T18:31:46.000Z","0058c00000BxeO9AAJ","2025-10-01T18:31:46.000Z","","","","false","true","a2G8c000002Qm5TEAS","false",""
"a2GDR0000018Duo2AE","0058c00000BxeO9AAJ","false","Primary Account","2024-08-26T17:20:59.000Z","0058c00000BxeO9AAJ","2025-10-01T18:31:46.000Z","0058c00000BxeO9AAJ","2025-10-01T18:31:46.000Z","","","","false","true","a2G8c000002Qm5UEAS","false",""
"a2GDR0000018Dup2AE","0058c00000BxeO9AAJ","false","SBA Form 652","2024-08-26T17:20:59.000Z","0058c00000BxeO9AAJ","2025-10-01T18:31:46.000Z","0058c00000BxeO9AAJ","2025-10-01T18:31:46.000Z","","","","false","true","a2G8c000002Qm5WEAS","false",""
"a2GDR0000018Duq2AE","0058c00000BxeO9AAJ","false","SBA Form G845","2024-08-26T17:20:59.000Z","0058c00000BxeO9AAJ","2025-10-01T18:31:46.000Z","0058c00000BxeO9AAJ","2025-10-01T18:31:46.000Z","","","","false","true","a2G8c000002Qm5XEAS","false",""
"a2GDR0000018Dur2AE","0058c00000BxeO9AAJ","false","Injections","2024-08-26T17:20:59.000Z","0058c00000BxeO9AAJ","2025-10-01T18:31:46.000Z","0058c00000BxeO9AAJ","2025-10-01T18:31:46.000Z","","","","false","true","a2G8c000002Qm5YEAS","false",""
"a2GDR0000018Dut2AE","0058c00000BxeO9AAJ","false","Loan Information","2024-08-26T17:20:59.000Z","0058c00000BxeO9AAJ","2025-10-01T18:31:46.000Z","0058c00000BxeO9AAJ","2025-10-01T18:31:46.000Z","","","","false","true","a2G8c000002Qm5aEAC","false",""
"a2GDR0000018Duu2AE","0058c00000BxeO9AAJ","false","Pricing","2024-08-26T17:20:59.000Z","0058c00000BxeO9AAJ","2025-10-01T18:31:46.000Z","0058c00000BxeO9AAJ","2025-10-01T18:31:46.000Z","","","","false","true","a2G8c000002Qm5bEAC","false",""
"a2GDR0000018Duv2AE","0058c00000BxeO9AAJ","false","Loan Partner","2024-08-26T17:20:59.000Z","0058c00000BxeO9AAJ","2025-10-01T18:31:46.000Z","0058c00000BxeO9AAJ","2025-10-01T18:31:46.000Z","","","","false","true","a2G8c000002Qm5cEAC","false",""
"a2GDR0000018Duw2AE","0058c00000BxeO9AAJ","false","Use of Proceeds","2024-08-26T17:20:59.000Z","0058c00000BxeO9AAJ","2025-10-01T18:31:46.000Z","0058c00000BxeO9AAJ","2025-10-01T18:31:46.000Z","","","","false","true","a2G8c000002Qm5dEAC","false",""
"a2GDR0000018Dux2AE","0058c00000BxeO9AAJ","false","Stage History","2024-08-26T17:20:59.000Z","0058c00000BxeO9AAJ","2025-10-01T18:31:46.000Z","0058c00000BxeO9AAJ","2025-10-01T18:31:46.000Z","","","","false","true","60101585604340856","false",""
"a2GDR0000018Duy2AE","0058c00000BxeO9AAJ","false","Product Summary","2024-08-26T17:20:59.000Z","0058c00000BxeO9AAJ","2025-10-01T18:31:46.000Z","0058c00000BxeO9AAJ","2025-10-01T18:31:46.000Z","","","","false","true","09911567002550278","false",""
"a2GDR0000018Duz2AE","0058c00000BxeO9AAJ","false","Balance Details","2024-08-26T17:20:59.000Z","0058c00000BxeO9AAJ","2025-10-01T18:31:46.000Z","0058c00000BxeO9AAJ","2025-10-01T18:31:46.000Z","","","","false","true","18751585604340855","false",""
"a2GDR0000018Dv02AE","0058c00000BxeO9AAJ","false","Booked Information","2024-08-26T17:20:59.000Z","0058c00000BxeO9AAJ","2025-10-01T18:31:46.000Z","0058c00000BxeO9AAJ","2025-10-01T18:31:46.000Z","","","","false","true","86611585604340855","false",""
"a2GDR0000018Dv12AE","0058c00000BxeO9AAJ","false","CRA Screen","2024-08-26T17:20:59.000Z","0058c00000BxeO9AAJ","2025-10-01T18:31:46.000Z","0058c00000BxeO9AAJ","2025-10-01T18:31:46.000Z","","","","false","true","67231585604340855","false",""
"a2GDR0000018Dv22AE","0058c00000BxeO9AAJ","false","Loan Dashboard Summary Screen","2024-08-26T17:20:59.000Z","0058c00000BxeO9AAJ","2025-10-01T18:31:46.000Z","0058c00000BxeO9AAJ","2025-10-01T18:31:46.000Z","","","","false","true","19961585604340855","false",""
"a2GDR0000018Dv32AE","0058c00000BxeO9AAJ","false","HMDA Screen 1","2024-08-26T17:20:59.000Z","0058c00000BxeO9AAJ","2025-10-01T18:31:46.000Z","0058c00000BxeO9AAJ","2025-10-01T18:31:46.000Z","","","","false","true","a2G8c000002Qm8YEAS","false",""
"a2GDR0000018Dv42AE","0058c00000BxeO9AAJ","false","HMDA Screen 2","2024-08-26T17:20:59.000Z","0058c00000BxeO9AAJ","2025-10-01T18:31:46.000Z","0058c00000BxeO9AAJ","2025-10-01T18:31:46.000Z","","","","false","true","70131585604340855","false",""
"a2GDR0000018Dv52AE","0058c00000BxeO9AAJ","false","Pricing","2024-08-26T17:20:59.000Z","0058c00000BxeO9AAJ","2025-10-01T18:31:46.000Z","0058c00000BxeO9AAJ","2025-10-01T18:31:46.000Z","","","","false","true","79341585604340856","false",""
"a2GDR0000018Dv62AE","0058c00000BxeO9AAJ","false","Referral","2024-08-26T17:20:59.000Z","0058c00000BxeO9AAJ","2025-10-01T18:31:46.000Z","0058c00000BxeO9AAJ","2025-10-01T18:31:46.000Z","","","","false","true","91061585604340856","false",""
"a2GDR0000018Dv72AE","0058c00000BxeO9AAJ","false","Deposit Products","2024-08-26T17:20:59.000Z","0058c00000BxeO9AAJ","2025-10-01T18:31:46.000Z","0058c00000BxeO9AAJ","2025-10-01T18:31:46.000Z","","","","false","true","18931562008881233","false",""
"a2GDR0000018Dv82AE","0058c00000BxeO9AAJ","false","Budget Details","2024-08-26T17:20:59.000Z","0058c00000BxeO9AAJ","2025-10-01T18:31:46.000Z","0058c00000BxeO9AAJ","2025-10-01T18:31:46.000Z","","","","false","true","42438936865131651","false",""
"a2GDR0000018Dv92AE","0058c00000BxeO9AAJ","false","UI Configuration Builder","2024-08-26T17:20:59.000Z","0058c00000BxeO9AAJ","2025-10-01T18:31:46.000Z","0058c00000BxeO9AAJ","2025-10-01T18:31:46.000Z","","","","false","true","42257423463997756","false",""
"a2GDR0000018DvA2AU","0058c00000BxeO9AAJ","false","Entity Compliance Screen","2024-08-26T17:20:59.000Z","0058c00000BxeO9AAJ","2025-10-01T18:31:46.000Z","0058c00000BxeO9AAJ","2025-10-01T18:31:46.000Z","","","","false","true","42484621918140548","false",""
"a2GDR0000018DvB2AU","0058c00000BxeO9AAJ","false","Loan Compliance Screen","2024-08-26T17:20:59.000Z","0058c00000BxeO9AAJ","2025-10-01T18:31:46.000Z","0058c00000BxeO9AAJ","2025-10-01T18:31:46.000Z","","","","false","true","42920140975446045","false",""
"a2GDR0000018DvC2AU","0058c00000BxeO9AAJ","false","Entity Compliance Screen","2024-08-26T17:20:59.000Z","0058c00000BxeO9AAJ","2025-10-01T18:31:46.000Z","0058c00000BxeO9AAJ","2025-10-01T18:31:46.000Z","","","","false","true","42875195092745613","false",""
"a2GDR0000018DvD2AU","0058c00000BxeO9AAJ","false","Loan Compliance Screen","2024-08-26T17:20:59.000Z","0058c00000BxeO9AAJ","2025-10-01T18:31:46.000Z","0058c00000BxeO9AAJ","2025-10-01T18:31:46.000Z","","","","false","true","42300854924496650","false",""
"a2GDR0000018DvE2AU","0058c00000BxeO9AAJ","false","Memo Details","2024-08-26T17:20:59.000Z","0058c00000BxeO9AAJ","2025-10-01T18:31:46.000Z","0058c00000BxeO9AAJ","2025-10-01T18:31:46.000Z","","","","false","true","42453478693303001","false",""
"a2GDR0000018DvF2AU","0058c00000BxeO9AAJ","false","Package Details","2024-08-26T17:20:59.000Z","0058c00000BxeO9AAJ","2025-10-01T18:31:46.000Z","0058c00000BxeO9AAJ","2025-10-01T18:31:46.000Z","","","","false","true","42177182337892182","false",""
"a2GDR0000018DvG2AU","0058c00000BxeO9AAJ","false","Deposits","2024-08-26T17:20:59.000Z","0058c00000BxeO9AAJ","2025-10-01T18:31:46.000Z","0058c00000BxeO9AAJ","2025-10-01T18:31:46.000Z","","","","false","true","42177182337892183","false",""
"a2GDR0000018DvH2AU","0058c00000BxeO9AAJ","false","pp-tn-review-detail","2024-08-26T17:20:59.000Z","0058c00000BxeO9AAJ","2025-10-01T18:31:46.000Z","0058c00000BxeO9AAJ","2025-10-01T18:31:46.000Z","","","","false","true","42623826249591830","false",""
"a2GDR0000018DvI2AU","0058c00000BxeO9AAJ","false","Credit Actions New Package Details","2024-08-26T17:20:59.000Z","0058c00000BxeO9AAJ","2025-10-01T18:31:46.000Z","0058c00000BxeO9AAJ","2025-10-01T18:31:46.000Z","","","","false","true","42288156731909944","false",""
"a2GDR0000018DvJ2AU","0058c00000BxeO9AAJ","false","Supplementary Details","2024-08-26T17:20:59.000Z","0058c00000BxeO9AAJ","2025-10-01T18:31:46.000Z","0058c00000BxeO9AAJ","2025-10-01T18:31:46.000Z","","","","false","true","38211585604340854","false",""
"a2GDR0000018DvK2AU","0058c00000BxeO9AAJ","false","Manage Budget Screen","2024-08-26T17:20:59.000Z","0058c00000BxeO9AAJ","2025-10-01T18:31:46.000Z","0058c00000BxeO9AAJ","2025-10-01T18:31:46.000Z","","","","false","true","42622713689821035","false",""
"a2GDR0000018DvL2AU","0058c00000BxeO9AAJ","false","Draw Overview Screen","2024-08-26T17:20:59.000Z","0058c00000BxeO9AAJ","2025-10-01T18:31:46.000Z","0058c00000BxeO9AAJ","2025-10-01T18:31:46.000Z","","","","false","true","42189632957882651","false",""
"a2GDR0000018DvM2AU","0058c00000BxeO9AAJ","false","Draw History Screen","2024-08-26T17:20:59.000Z","0058c00000BxeO9AAJ","2025-10-01T18:31:46.000Z","0058c00000BxeO9AAJ","2025-10-01T18:31:46.000Z","","","","false","true","42419863457011593","false",""
"a2GDR0000018DvN2AU","0058c00000BxeO9AAJ","false","Narrative Booked","2024-08-26T17:20:59.000Z","0058c00000BxeO9AAJ","2025-10-01T18:31:46.000Z","0058c00000BxeO9AAJ","2025-10-01T18:31:46.000Z","","","","false","true","10941585604340854","false",""
"a2GDR0000018DvO2AU","0058c00000BxeO9AAJ","false","Booked Information Booked","2024-08-26T17:20:59.000Z","0058c00000BxeO9AAJ","2025-10-01T18:31:46.000Z","0058c00000BxeO9AAJ","2025-10-01T18:31:46.000Z","","","","false","true","69801585604340854","false",""
"a2GDR0000018DvP2AU","0058c00000BxeO9AAJ","false","Balance Details Booked","2024-08-26T17:20:59.000Z","0058c00000BxeO9AAJ","2025-10-01T18:31:46.000Z","0058c00000BxeO9AAJ","2025-10-01T18:31:46.000Z","","","","false","true","25741585604340854","false",""
"a2GDR0000018DvQ2AU","0058c00000BxeO9AAJ","false","Editable Fields","2024-08-26T17:20:59.000Z","0058c00000BxeO9AAJ","2025-10-01T18:31:46.000Z","0058c00000BxeO9AAJ","2025-10-01T18:31:46.000Z","","","","false","true","07281585604340854","false",""
"a2GDR0000018DvR2AU","0058c00000BxeO9AAJ","false","Treasury Service Details","2024-08-26T17:20:59.000Z","0058c00000BxeO9AAJ","2025-10-01T18:31:46.000Z","0058c00000BxeO9AAJ","2025-10-01T18:31:46.000Z","","","","false","true","42634238437115000","false",""
"a2GDR0000018DvS2AU","0058c00000BxeO9AAJ","false","Booked Details","2024-08-26T17:20:59.000Z","0058c00000BxeO9AAJ","2025-10-01T18:31:46.000Z","0058c00000BxeO9AAJ","2025-10-01T18:31:46.000Z","","","","false","true","XXX44432723848796","false",""
"a2GDR0000018DvT2AU","0058c00000BxeO9AAJ","false","Memos Booked","2024-08-26T17:20:59.000Z","0058c00000BxeO9AAJ","2025-10-01T18:31:46.000Z","0058c00000BxeO9AAJ","2025-10-01T18:31:46.000Z","","","","false","true","15561585604340854","false",""
"a2GDR0000018DvU2AU","0058c00000BxeO9AAJ","false","Rate & Payment Structure","2024-08-26T17:20:59.000Z","0058c00000BxeO9AAJ","2025-10-01T18:31:46.000Z","0058c00000BxeO9AAJ","2025-10-01T18:31:46.000Z","","","","false","true","42597613353871482","false",""
"a2GDR0000018DvV2AU","0058c00000BxeO9AAJ","false","Loan Details","2024-08-26T17:20:59.000Z","0058c00000BxeO9AAJ","2025-10-01T18:31:46.000Z","0058c00000BxeO9AAJ","2025-10-01T18:31:46.000Z","","","","false","true","42057670424928900","false",""
"a2GDR0000018DvW2AU","0058c00000BxeO9AAJ","false","Certifications","2024-08-26T17:20:59.000Z","0058c00000BxeO9AAJ","2025-10-01T18:31:46.000Z","0058c00000BxeO9AAJ","2025-10-01T18:31:46.000Z","","","","false","true","33961619447514579","false",""
"a2GDR0000018DvX2AU","0058c00000BxeO9AAJ","false","Third Party Management","2024-08-26T17:20:59.000Z","0058c00000BxeO9AAJ","2025-10-01T18:31:46.000Z","0058c00000BxeO9AAJ","2025-10-01T18:31:46.000Z","","","","false","true","49681619447514580","false",""
"a2GDR0000018DvY2AU","0058c00000BxeO9AAJ","false","Pricing Required Fields","2024-08-26T17:20:59.000Z","0058c00000BxeO9AAJ","2025-10-01T18:31:46.000Z","0058c00000BxeO9AAJ","2025-10-01T18:31:46.000Z","","","","false","true","11671619447514581","false",""
"a2GDR0000018DvZ2AU","0058c00000BxeO9AAJ","false","Risk Rating","2024-08-26T17:20:59.000Z","0058c00000BxeO9AAJ","2025-10-01T18:31:46.000Z","0058c00000BxeO9AAJ","2025-10-01T18:31:46.000Z","","","","false","true","43241619447514581","false",""
"a2GDR0000018Dva2AE","0058c00000BxeO9AAJ","false","Change Memo","2024-08-26T17:20:59.000Z","0058c00000BxeO9AAJ","2025-10-01T18:31:46.000Z","0058c00000BxeO9AAJ","2025-10-01T18:31:46.000Z","","","","false","true","69121619447514582","false",""
"a2GDR0000018Dvb2AE","0058c00000BxeO9AAJ","false","Fees Summary","2024-08-26T17:20:59.000Z","0058c00000BxeO9AAJ","2025-10-01T18:31:46.000Z","0058c00000BxeO9AAJ","2025-10-01T18:31:46.000Z","","","","false","true","55051619447514582","false",""
"a2GDR0000018Dvc2AE","0058c00000BxeO9AAJ","false","Enhanced Fees Management","2024-08-26T17:20:59.000Z","0058c00000BxeO9AAJ","2025-10-01T18:31:46.000Z","0058c00000BxeO9AAJ","2025-10-01T18:31:46.000Z","","","","false","true","25961619447514580","false",""
"a2GDR0000018Dvd2AE","0058c00000BxeO9AAJ","false","Team Members","2024-08-26T17:20:59.000Z","0058c00000BxeO9AAJ","2025-10-01T18:31:46.000Z","0058c00000BxeO9AAJ","2025-10-01T18:31:46.000Z","","","","false","true","48281619447514582","false",""
"a2GDR0000018Dve2AE","0058c00000BxeO9AAJ","false","Fees Approved","2024-08-26T17:20:59.000Z","0058c00000BxeO9AAJ","2025-10-01T18:31:46.000Z","0058c00000BxeO9AAJ","2025-10-01T18:31:46.000Z","","","","false","true","36611619447514582","false",""
"a2GDR0000018Dvf2AE","0058c00000BxeO9AAJ","false","Third Party Reports","2024-08-26T17:20:59.000Z","0058c00000BxeO9AAJ","2025-10-01T18:31:46.000Z","0058c00000BxeO9AAJ","2025-10-01T18:31:46.000Z","","","","false","true","55521619447514583","false",""
"a2GDR0000018Dvg2AE","0058c00000BxeO9AAJ","false","Approved Details","2024-08-26T17:20:59.000Z","0058c00000BxeO9AAJ","2025-10-01T18:31:46.000Z","0058c00000BxeO9AAJ","2025-10-01T18:31:46.000Z","","","","false","true","85571619447514583","false",""
"a2GDR0000018Dvh2AE","0058c00000BxeO9AAJ","false","Participations","2024-08-26T17:20:59.000Z","0058c00000BxeO9AAJ","2025-10-01T18:31:46.000Z","0058c00000BxeO9AAJ","2025-10-01T18:31:46.000Z","","","","false","true","61601619447514583","false",""
"a2GDR0000018Dvi2AE","0058c00000BxeO9AAJ","false","Pricing Approved","2024-08-26T17:20:59.000Z","0058c00000BxeO9AAJ","2025-10-01T18:31:46.000Z","0058c00000BxeO9AAJ","2025-10-01T18:31:46.000Z","","","","false","true","38031619447514583","false",""
"a2GDR0000018Dvj2AE","0058c00000BxeO9AAJ","false","Adverse Actions","2024-08-26T17:20:59.000Z","0058c00000BxeO9AAJ","2025-10-01T18:31:46.000Z","0058c00000BxeO9AAJ","2025-10-01T18:31:46.000Z","","","","false","true","86671619447514584","false",""
"a2GDR0000018Dvk2AE","0058c00000BxeO9AAJ","false","Loan Team Member Information","2024-08-26T17:20:59.000Z","0058c00000BxeO9AAJ","2025-10-01T18:31:46.000Z","0058c00000BxeO9AAJ","2025-10-01T18:31:46.000Z","","","","false","true","40541619447514584","false",""
"a2GDR0000018Dvl2AE","0058c00000BxeO9AAJ","false","Balance Details","2024-08-26T17:20:59.000Z","0058c00000BxeO9AAJ","2025-10-01T18:31:46.000Z","0058c00000BxeO9AAJ","2025-10-01T18:31:46.000Z","","","","false","true","81501619447514584","false",""
"a2GDR0000018Dvm2AE","0058c00000BxeO9AAJ","false","Booked Information","2024-08-26T17:20:59.000Z","0058c00000BxeO9AAJ","2025-10-01T18:31:46.000Z","0058c00000BxeO9AAJ","2025-10-01T18:31:46.000Z","","","","false","true","64811619447514585","false",""
"a2GDR0000018Dvn2AE","0058c00000BxeO9AAJ","false","Collateral2","2024-08-26T17:20:59.000Z","0058c00000BxeO9AAJ","2025-10-01T18:31:46.000Z","0058c00000BxeO9AAJ","2025-10-01T18:31:46.000Z","","","","false","true","27781619447514580","false",""
"a2GDR0000018Dvo2AE","0058c00000BxeO9AAJ","false","CRA Screen","2024-08-26T17:20:59.000Z","0058c00000BxeO9AAJ","2025-10-01T18:31:46.000Z","0058c00000BxeO9AAJ","2025-10-01T18:31:46.000Z","","","","false","true","01051619447514585","false",""
"a2GDR0000018Dvp2AE","0058c00000BxeO9AAJ","false","Loan Dashboard Summary Screen","2024-08-26T17:20:59.000Z","0058c00000BxeO9AAJ","2025-10-01T18:31:46.000Z","0058c00000BxeO9AAJ","2025-10-01T18:31:46.000Z","","","","false","true","81661619447514585","false",""
"a2GDR0000018Dvq2AE","0058c00000BxeO9AAJ","false","HMDA Screen 1","2024-08-26T17:20:59.000Z","0058c00000BxeO9AAJ","2025-10-01T18:31:46.000Z","0058c00000BxeO9AAJ","2025-10-01T18:31:46.000Z","","","","false","true","12431619447514585","false",""
"a2GDR0000018Dvr2AE","0058c00000BxeO9AAJ","false","Loan Details","2024-08-26T17:20:59.000Z","0058c00000BxeO9AAJ","2025-10-01T18:31:46.000Z","0058c00000BxeO9AAJ","2025-10-01T18:31:46.000Z","","","","false","true","89871619447514586","false",""
"a2GDR0000018Dvs2AE","0058c00000BxeO9AAJ","false","Borrowing Structure Information","2024-08-26T17:20:59.000Z","0058c00000BxeO9AAJ","2025-10-01T18:31:46.000Z","0058c00000BxeO9AAJ","2025-10-01T18:31:46.000Z","","","","false","true","27381619447514580","false",""
"a2GDR0000018Dvt2AE","0058c00000BxeO9AAJ","false","Budget Details","2024-08-26T17:20:59.000Z","0058c00000BxeO9AAJ","2025-10-01T18:31:46.000Z","0058c00000BxeO9AAJ","2025-10-01T18:31:46.000Z","","","","false","true","53291619447514586","false",""
"a2GDR0000018Dvu2AE","0058c00000BxeO9AAJ","false","Entity Compliance Screen","2024-08-26T17:20:59.000Z","0058c00000BxeO9AAJ","2025-10-01T18:31:46.000Z","0058c00000BxeO9AAJ","2025-10-01T18:31:46.000Z","","","","false","true","61171619447514586","false",""
"a2GDR0000018Dvv2AE","0058c00000BxeO9AAJ","false","Loan Compliance Screen","2024-08-26T17:20:59.000Z","0058c00000BxeO9AAJ","2025-10-01T18:31:46.000Z","0058c00000BxeO9AAJ","2025-10-01T18:31:46.000Z","","","","false","true","86401619447514586","false",""
"a2GDR0000018Dvw2AE","0058c00000BxeO9AAJ","false","Manage Budget Screen","2024-08-26T17:20:59.000Z","0058c00000BxeO9AAJ","2025-10-01T18:31:46.000Z","0058c00000BxeO9AAJ","2025-10-01T18:31:46.000Z","","","","false","true","69461619447514587","false",""
"a2GDR0000018Dvx2AE","0058c00000BxeO9AAJ","false","Draw Overview Screen","2024-08-26T17:20:59.000Z","0058c00000BxeO9AAJ","2025-10-01T18:31:46.000Z","0058c00000BxeO9AAJ","2025-10-01T18:31:46.000Z","","","","false","true","43041619447514587","false",""
"a2GDR0000018Dvy2AE","0058c00000BxeO9AAJ","false","Draw History Screen","2024-08-26T17:20:59.000Z","0058c00000BxeO9AAJ","2025-10-01T18:31:46.000Z","0058c00000BxeO9AAJ","2025-10-01T18:31:46.000Z","","","","false","true","12061619447514587","false",""
"a2GDR0000018Dvz2AE","0058c00000BxeO9AAJ","false","Payment Structure","2024-08-26T17:20:59.000Z","0058c00000BxeO9AAJ","2025-10-01T18:31:46.000Z","0058c00000BxeO9AAJ","2025-10-01T18:31:46.000Z","","","","false","true","48261619447514581","false",""
"a2GDR0000018Dw02AE","0058c00000BxeO9AAJ","false","Rate Structure","2024-08-26T17:20:59.000Z","0058c00000BxeO9AAJ","2025-10-01T18:31:46.000Z","0058c00000BxeO9AAJ","2025-10-01T18:31:46.000Z","","","","false","true","74211619447514581","false",""
"a2GDR0000018Dw12AE","0058c00000BxeO9AAJ","false","Editable Fields","2024-08-26T17:20:59.000Z","0058c00000BxeO9AAJ","2025-10-01T18:31:46.000Z","0058c00000BxeO9AAJ","2025-10-01T18:31:46.000Z","","","","false","true","66981619447514587","false",""
"a2GDR0000018Dw22AE","0058c00000BxeO9AAJ","false","Rate & Payment Structure","2024-08-26T17:20:59.000Z","0058c00000BxeO9AAJ","2025-10-01T18:31:46.000Z","0058c00000BxeO9AAJ","2025-10-01T18:31:46.000Z","","","","false","true","24751619447514588","false",""
"a2GDR0000018Dw32AE","0058c00000BxeO9AAJ","false","Loan Details","2024-08-26T17:20:59.000Z","0058c00000BxeO9AAJ","2025-10-01T18:31:46.000Z","0058c00000BxeO9AAJ","2025-10-01T18:31:46.000Z","","","","false","true","84351619447514588","false",""
"a2GDR0000018Dw42AE","0058c00000BxeO9AAJ","false","Certifications","2024-08-26T17:20:59.000Z","0058c00000BxeO9AAJ","2025-10-01T18:31:46.000Z","0058c00000BxeO9AAJ","2025-10-01T18:31:46.000Z","","","","false","true","98061620937671556","false",""
"a2GDR0000018Dw52AE","0058c00000BxeO9AAJ","false","Third Party Management","2024-08-26T17:20:59.000Z","0058c00000BxeO9AAJ","2025-10-01T18:31:46.000Z","0058c00000BxeO9AAJ","2025-10-01T18:31:46.000Z","","","","false","true","78611620937671557","false",""
"a2GDR0000018Dw62AE","0058c00000BxeO9AAJ","false","Pricing Required Fields","2024-08-26T17:20:59.000Z","0058c00000BxeO9AAJ","2025-10-01T18:31:46.000Z","0058c00000BxeO9AAJ","2025-10-01T18:31:46.000Z","","","","false","true","61711620937671558","false",""
"a2GDR0000018Dw72AE","0058c00000BxeO9AAJ","false","Risk Rating","2024-08-26T17:20:59.000Z","0058c00000BxeO9AAJ","2025-10-01T18:31:46.000Z","0058c00000BxeO9AAJ","2025-10-01T18:31:46.000Z","","","","false","true","25211620937671559","false",""
"a2GDR0000018Dw82AE","0058c00000BxeO9AAJ","false","Policy Exceptions","2024-08-26T17:20:59.000Z","0058c00000BxeO9AAJ","2025-10-01T18:31:46.000Z","0058c00000BxeO9AAJ","2025-10-01T18:31:46.000Z","","","","false","true","42274618989959014","false",""
"a2GDR0000018Dw92AE","0058c00000BxeO9AAJ","false","Change Memo","2024-08-26T17:20:59.000Z","0058c00000BxeO9AAJ","2025-10-01T18:31:46.000Z","0058c00000BxeO9AAJ","2025-10-01T18:31:46.000Z","","","","false","true","04391620937671559","false",""
"a2GDR0000018DwA2AU","0058c00000BxeO9AAJ","false","Fees Summary","2024-08-26T17:20:59.000Z","0058c00000BxeO9AAJ","2025-10-01T18:31:46.000Z","0058c00000BxeO9AAJ","2025-10-01T18:31:46.000Z","","","","false","true","66261620937671560","false",""
"a2GDR0000018DwB2AU","0058c00000BxeO9AAJ","false","Enhanced Fees Management","2024-08-26T17:20:59.000Z","0058c00000BxeO9AAJ","2025-10-01T18:31:46.000Z","0058c00000BxeO9AAJ","2025-10-01T18:31:46.000Z","","","","false","true","28731620937671557","false",""
"a2GDR0000018DwC2AU","0058c00000BxeO9AAJ","false","Team Members","2024-08-26T17:20:59.000Z","0058c00000BxeO9AAJ","2025-10-01T18:31:46.000Z","0058c00000BxeO9AAJ","2025-10-01T18:31:46.000Z","","","","false","true","71561620937671560","false",""
"a2GDR0000018DwD2AU","0058c00000BxeO9AAJ","false","Fees Approved","2024-08-26T17:20:59.000Z","0058c00000BxeO9AAJ","2025-10-01T18:31:46.000Z","0058c00000BxeO9AAJ","2025-10-01T18:31:46.000Z","","","","false","true","86411620937671561","false",""
"a2GDR0000018DwE2AU","0058c00000BxeO9AAJ","false","Third Party Reports","2024-08-26T17:20:59.000Z","0058c00000BxeO9AAJ","2025-10-01T18:31:46.000Z","0058c00000BxeO9AAJ","2025-10-01T18:31:46.000Z","","","","false","true","21441620937671561","false",""
"a2GDR0000018DwF2AU","0058c00000BxeO9AAJ","false","Approved Details","2024-08-26T17:20:59.000Z","0058c00000BxeO9AAJ","2025-10-01T18:31:46.000Z","0058c00000BxeO9AAJ","2025-10-01T18:31:46.000Z","","","","false","true","29281620937671561","false",""
"a2GDR0000018DwG2AU","0058c00000BxeO9AAJ","false","Participations","2024-08-26T17:20:59.000Z","0058c00000BxeO9AAJ","2025-10-01T18:31:46.000Z","0058c00000BxeO9AAJ","2025-10-01T18:31:46.000Z","","","","false","true","66011620937671561","false",""
"a2GDR0000018DwH2AU","0058c00000BxeO9AAJ","false","Pricing Approved","2024-08-26T17:20:59.000Z","0058c00000BxeO9AAJ","2025-10-01T18:31:46.000Z","0058c00000BxeO9AAJ","2025-10-01T18:31:46.000Z","","","","false","true","31801620937671562","false",""
"a2GDR0000018DwI2AU","0058c00000BxeO9AAJ","false","Adverse Actions","2024-08-26T17:20:59.000Z","0058c00000BxeO9AAJ","2025-10-01T18:31:46.000Z","0058c00000BxeO9AAJ","2025-10-01T18:31:46.000Z","","","","false","true","46681620937671562","false",""
"a2GDR0000018DwJ2AU","0058c00000BxeO9AAJ","false","Loan Team Member Information","2024-08-26T17:20:59.000Z","0058c00000BxeO9AAJ","2025-10-01T18:31:46.000Z","0058c00000BxeO9AAJ","2025-10-01T18:31:46.000Z","","","","false","true","42661620937671562","false",""
"a2GDR0000018DwK2AU","0058c00000BxeO9AAJ","false","Balance Details","2024-08-26T17:20:59.000Z","0058c00000BxeO9AAJ","2025-10-01T18:31:46.000Z","0058c00000BxeO9AAJ","2025-10-01T18:31:46.000Z","","","","false","true","31161620937671562","false",""
"a2GDR0000018DwL2AU","0058c00000BxeO9AAJ","false","Booked Information","2024-08-26T17:20:59.000Z","0058c00000BxeO9AAJ","2025-10-01T18:31:46.000Z","0058c00000BxeO9AAJ","2025-10-01T18:31:46.000Z","","","","false","true","41591620937671563","false",""
"a2GDR0000018DwM2AU","0058c00000BxeO9AAJ","false","Collateral2","2024-08-26T17:20:59.000Z","0058c00000BxeO9AAJ","2025-10-01T18:31:46.000Z","0058c00000BxeO9AAJ","2025-10-01T18:31:46.000Z","","","","false","true","31331620937671558","false",""
"a2GDR0000018DwN2AU","0058c00000BxeO9AAJ","false","CRA Screen","2024-08-26T17:20:59.000Z","0058c00000BxeO9AAJ","2025-10-01T18:31:46.000Z","0058c00000BxeO9AAJ","2025-10-01T18:31:46.000Z","","","","false","true","33681620937671563","false",""
"a2GDR0000018DwO2AU","0058c00000BxeO9AAJ","false","Loan Dashboard Summary Screen","2024-08-26T17:20:59.000Z","0058c00000BxeO9AAJ","2025-10-01T18:31:46.000Z","0058c00000BxeO9AAJ","2025-10-01T18:31:46.000Z","","","","false","true","92291620937671563","false",""
"a2GDR0000018DwP2AU","0058c00000BxeO9AAJ","false","HMDA Screen 1","2024-08-26T17:20:59.000Z","0058c00000BxeO9AAJ","2025-10-01T18:31:46.000Z","0058c00000BxeO9AAJ","2025-10-01T18:31:46.000Z","","","","false","true","71331620937671563","false",""
"a2GDR0000018DwQ2AU","0058c00000BxeO9AAJ","false","Loan Details","2024-08-26T17:20:59.000Z","0058c00000BxeO9AAJ","2025-10-01T18:31:46.000Z","0058c00000BxeO9AAJ","2025-10-01T18:31:46.000Z","","","","false","true","17781620937671564","false",""
"a2GDR0000018DwR2AU","0058c00000BxeO9AAJ","false","Borrowing Structure Information","2024-08-26T17:20:59.000Z","0058c00000BxeO9AAJ","2025-10-01T18:31:46.000Z","0058c00000BxeO9AAJ","2025-10-01T18:31:46.000Z","","","","false","true","76391620937671558","false",""
"a2GDR0000018DwS2AU","0058c00000BxeO9AAJ","false","Budget Details","2024-08-26T17:20:59.000Z","0058c00000BxeO9AAJ","2025-10-01T18:31:46.000Z","0058c00000BxeO9AAJ","2025-10-01T18:31:46.000Z","","","","false","true","14841620937671564","false",""
"a2GDR0000018DwT2AU","0058c00000BxeO9AAJ","false","Entity Compliance Screen","2024-08-26T17:20:59.000Z","0058c00000BxeO9AAJ","2025-10-01T18:31:46.000Z","0058c00000BxeO9AAJ","2025-10-01T18:31:46.000Z","","","","false","true","40861620937671564","false",""
"a2GDR0000018DwU2AU","0058c00000BxeO9AAJ","false","Loan Compliance Screen","2024-08-26T17:20:59.000Z","0058c00000BxeO9AAJ","2025-10-01T18:31:46.000Z","0058c00000BxeO9AAJ","2025-10-01T18:31:46.000Z","","","","false","true","49751620937671564","false",""
"a2GDR0000018DwV2AU","0058c00000BxeO9AAJ","false","Manage Budget Screen","2024-08-26T17:20:59.000Z","0058c00000BxeO9AAJ","2025-10-01T18:31:46.000Z","0058c00000BxeO9AAJ","2025-10-01T18:31:46.000Z","","","","false","true","29611620937671565","false",""
"a2GDR0000018DwW2AU","0058c00000BxeO9AAJ","false","Draw Overview Screen","2024-08-26T17:20:59.000Z","0058c00000BxeO9AAJ","2025-10-01T18:31:46.000Z","0058c00000BxeO9AAJ","2025-10-01T18:31:46.000Z","","","","false","true","74561620937671565","false",""
"a2GDR0000018DwX2AU","0058c00000BxeO9AAJ","false","Draw History Screen","2024-08-26T17:20:59.000Z","0058c00000BxeO9AAJ","2025-10-01T18:31:46.000Z","0058c00000BxeO9AAJ","2025-10-01T18:31:46.000Z","","","","false","true","95711620937671565","false",""
"a2GDR0000018DwY2AU","0058c00000BxeO9AAJ","false","Payment Structure","2024-08-26T17:20:59.000Z","0058c00000BxeO9AAJ","2025-10-01T18:31:46.000Z","0058c00000BxeO9AAJ","2025-10-01T18:31:46.000Z","","","","false","true","78401620937671559","false",""
"a2GDR0000018DwZ2AU","0058c00000BxeO9AAJ","false","Rate Structure","2024-08-26T17:20:59.000Z","0058c00000BxeO9AAJ","2025-10-01T18:31:46.000Z","0058c00000BxeO9AAJ","2025-10-01T18:31:46.000Z","","","","false","true","43041620937671558","false",""
"a2GDR0000018Dwa2AE","0058c00000BxeO9AAJ","false","Rate & Payment Structure","2024-08-26T17:20:59.000Z","0058c00000BxeO9AAJ","2025-10-01T18:31:46.000Z","0058c00000BxeO9AAJ","2025-10-01T18:31:46.000Z","","","","false","true","55871620937671566","false",""
"a2GDR0000018Dwb2AE","0058c00000BxeO9AAJ","false","Loan Details","2024-08-26T17:20:59.000Z","0058c00000BxeO9AAJ","2025-10-01T18:31:46.000Z","0058c00000BxeO9AAJ","2025-10-01T18:31:46.000Z","","","","false","true","28631620937671566","false",""
"a2GDR0000018Dwc2AE","0058c00000BxeO9AAJ","false","Short Term Extensions","2024-08-26T17:20:59.000Z","0058c00000BxeO9AAJ","2025-10-01T18:31:46.000Z","0058c00000BxeO9AAJ","2025-10-01T18:31:46.000Z","","","","false","true","rcaui-42146575989","false",""
